{"count":1,"self":19.2684992,"total":20.4748391,"children":{"InitializeActuators":{"count":2,"self":0.0010007,"total":0.0010007,"children":null},"InitializeSensors":{"count":2,"self":0.0010008999999999999,"total":0.0010008999999999999,"children":null},"AgentSendState":{"count":1360,"self":0.0072457999999999993,"total":0.2303429,"children":{"CollectObservations":{"count":1360,"self":0.2170909,"total":0.2170909,"children":null},"WriteActionMask":{"count":1360,"self":0.0040035999999999995,"total":0.0040035999999999995,"children":null},"RequestDecision":{"count":1360,"self":0.0020025999999999998,"total":0.0020025999999999998,"children":null}}},"DecideAction":{"count":1360,"self":0.9699924,"total":0.9699924,"children":null},"AgentAct":{"count":1360,"self":0.0030028,"total":0.0030028,"children":null}},"gauges":{"TF2Player.CumulativeReward":{"count":14,"max":1.17869115,"min":-1.17869115,"runningAverage":-4.789659E-09,"value":1.123696,"weightedAverage":0.10941644}},"metadata":{"timer_format_version":"0.1.0","start_time_seconds":"1678310660","unity_version":"2021.3.5f1","command_line_arguments":"C:\\Users\\aidy\\TF2Team\\Build\\TF2Team.exe","communication_protocol_version":"1.5.0","com.unity.ml-agents_version":"2.1.0-exp.1","scene_name":"SampleScene","end_time_seconds":"1678310681"}}